place,landed,filled
Bangalore,0.0,17178
Chennai,0.0,11916
Dehradun,0.0,19461
Indore,0.0,110667
Pune,0.0,46033
Bangalore,0.0,24229
Chennai,0.0,18502
Dehradun,0.0,24363
Indore,0.0,165036
Pune,0.0,101317
Bangalore,0.0,6900
Chennai,0.0,5606
Dehradun,0.0,8459
Indore,0.0,39296
Pune,0.0,20223
Bangalore,112869.0,33382
Chennai,110397.0,29031
Dehradun,156487.0,39804
Indore,1176804.0,373155
Pune,383260.0,122285
Bangalore,268286.0,44999
Chennai,292128.0,32140
Dehradun,401292.0,36016
Indore,1670668.0,339970
Pune,1748075.0,225823
Bangalore,58172.0,8769
Chennai,80384.0,8832
Dehradun,101453.0,10064
Indore,494447.0,88331
Pune,235955.0,30731
Bangalore,0.0,13257
Chennai,0.0,5405
Dehradun,0.0,13345
Indore,0.0,59088
Pune,0.0,40931
Bangalore,0.0,22628
Chennai,0.0,10055
Dehradun,0.0,14367
Indore,0.0,92895
Pune,0.0,83552
Bangalore,0.0,3919
Chennai,0.0,2272
Dehradun,0.0,4463
Indore,0.0,17261
Pune,0.0,10397
Bangalore,136378.0,33445
Chennai,100254.0,21402
Dehradun,190340.0,40949
Indore,1276745.0,317619
Pune,480675.0,135275
Bangalore,416106.0,30993
Chennai,286353.0,25203
Dehradun,427530.0,19984
Indore,2160270.0,249974
Pune,1646707.0,182292
Bangalore,52157.0,4390
Chennai,50889.0,5024
Dehradun,58247.0,6334
Indore,507337.0,57549
Pune,221607.0,22624
Bangalore,0.0,14196
Chennai,0.0,9671
Dehradun,0.0,15551
Indore,0.0,80299
Pune,0.0,36538
Bangalore,0.0,20261
Chennai,0.0,15062
Dehradun,0.0,19025
Indore,0.0,124359
Pune,0.0,82153
Bangalore,0.0,5672
Chennai,0.0,4181
Dehradun,0.0,6179
Indore,0.0,31589
Pune,0.0,16829
Bangalore,98574.0,26296
Chennai,95163.0,23332
Dehradun,131647.0,31260
Indore,942288.0,278204
Pune,321335.0,92966
Bangalore,364294.0,22686
Chennai,320485.0,18720
Dehradun,475516.0,26130
Indore,1737247.0,223838
Pune,1711902.0,163043
Bangalore,53580.0,4973
Chennai,65572.0,6415
Dehradun,86951.0,7839
Indore,419241.0,73850
Pune,193398.0,24065
Bangalore,0.0,11314
Chennai,0.0,4586
Dehradun,0.0,11595
Indore,0.0,42917
Pune,0.0,35556
Bangalore,0.0,19287
Chennai,0.0,8256
Dehradun,0.0,12309
Indore,0.0,71847
Pune,0.0,72032
Bangalore,0.0,3143
Chennai,0.0,1697
Dehradun,0.0,3704
Indore,0.0,13951
Pune,0.0,9097
Bangalore,121411.0,26420
Chennai,89326.0,17440
Dehradun,163799.0,33708
Indore,1052420.0,232852
Pune,426286.0,108686
Bangalore,570318.0,25016
Chennai,292515.0,19591
Dehradun,466905.0,16147
Indore,2505768.0,182202
Pune,1376097.0,149451
Bangalore,63129.0,3503
Chennai,43619.0,4058
Dehradun,54813.0,4713
Indore,560505.0,48039
Pune,187990.0,19047
Bangalore,0.0,16925
Chennai,0.0,10576
Dehradun,0.0,17223
Indore,0.0,91900
Pune,0.0,36252
Bangalore,0.0,27068
Chennai,0.0,17276
Dehradun,0.0,22636
Indore,0.0,157269
Pune,0.0,88390
Bangalore,0.0,6289
Chennai,0.0,4597
Dehradun,0.0,7250
Indore,0.0,36289
Pune,0.0,18540
Bangalore,111819.0,31759
Chennai,105230.0,26624
Dehradun,146933.0,35853
Indore,1058797.0,318744
Pune,316436.0,89311
Bangalore,277271.0,33051
Chennai,282984.0,28514
Dehradun,562224.0,55766
Indore,1681867.0,348025
Pune,1758279.0,233956
Bangalore,69199.0,5919
Chennai,76514.0,7965
Dehradun,94141.0,8681
Indore,476617.0,85290
Pune,218631.0,27101
Bangalore,0.0,14456
Chennai,0.0,5456
Dehradun,0.0,12481
Indore,0.0,54548
Pune,0.0,35583
Bangalore,0.0,24616
Chennai,0.0,9253
Dehradun,0.0,13716
Indore,0.0,99816
Pune,0.0,79489
Bangalore,0.0,3915
Chennai,0.0,1820
Dehradun,0.0,3818
Indore,0.0,17707
Pune,0.0,10896
Bangalore,145053.0,34286
Chennai,97654.0,20677
Dehradun,180693.0,37912
Indore,1244445.0,287941
Pune,438963.0,103420
Bangalore,425916.0,30064
Chennai,236227.0,20354
Dehradun,422065.0,18279
Indore,2094850.0,220526
Pune,1514812.0,166434
Bangalore,60889.0,4140
Chennai,45113.0,4642
Dehradun,61088.0,4999
Indore,578034.0,62317
Pune,240831.0,23924
Bangalore,0.0,15942
Chennai,0.0,9290
Dehradun,0.0,14879
Indore,0.0,91877
Pune,0.0,42002
Bangalore,0.0,26940
Chennai,0.0,15763
Dehradun,0.0,21766
Indore,0.0,159749
Pune,0.0,88528
Bangalore,0.0,5643
Chennai,0.0,4517
Dehradun,0.0,6155
Indore,0.0,39882
Pune,0.0,19661
Bangalore,96457.0,28898
Chennai,93974.0,24166
Dehradun,125274.0,29753
Indore,1003725.0,310740
Pune,335205.0,97733
Bangalore,228578.0,39687
Chennai,298956.0,38756
Dehradun,608835.0,115748
Indore,1664364.0,405136
Pune,2141373.0,205025
Bangalore,59410.0,5196
Chennai,66650.0,7345
Dehradun,88939.0,6091
Indore,425843.0,86675
Pune,182169.0,24175
Bangalore,0.0,12983
Chennai,0.0,4578
Dehradun,0.0,10200
Indore,0.0,55435
Pune,0.0,37925
Bangalore,0.0,26482
Chennai,0.0,8803
Dehradun,0.0,13756
Indore,0.0,121038
Pune,0.0,86407
Bangalore,0.0,3548
Chennai,0.0,1901
Dehradun,0.0,3375
Indore,0.0,18204
Pune,0.0,10956
Bangalore,119484.0,30242
Chennai,85290.0,18264
Dehradun,161191.0,31273
Indore,1154916.0,281953
Pune,514611.0,122740
Bangalore,394190.0,31957
Chennai,260851.0,21442
Dehradun,543607.0,20154
Indore,2104969.0,268555
Pune,2082420.0,182355
Bangalore,53269.0,3710
Chennai,43959.0,4531
Dehradun,54798.0,4134
Indore,480617.0,62805
Pune,201839.0,21543
Bangalore,0.0,15928
Chennai,0.0,8995
Dehradun,0.0,16611
Indore,0.0,93061
Pune,0.0,38929
Bangalore,0.0,25415
Chennai,0.0,16719
Dehradun,0.0,30962
Indore,0.0,164949
Pune,0.0,93549
Bangalore,0.0,6281
Chennai,0.0,5054
Dehradun,0.0,7029
Indore,0.0,41177
Pune,0.0,23044
Bangalore,96768.0,29961
Chennai,88882.0,22362
Dehradun,129409.0,34382
Indore,984054.0,300589
Pune,257543.0,72689
Bangalore,336097.0,140800
Chennai,282706.0,81147
Dehradun,1412563.0,873534
Indore,2739053.0,1251258
Pune,1715715.0,194873
Bangalore,57452.0,6487
Chennai,62807.0,8275
Dehradun,90956.0,12170
Indore,428322.0,91535
Pune,175084.0,24023
Bangalore,0.0,13690
Chennai,0.0,4579
Dehradun,0.0,12082
Indore,0.0,63051
Pune,0.0,32662
Bangalore,0.0,25914
Chennai,0.0,9478
Dehradun,0.0,15308
Indore,0.0,134575
Pune,0.0,90760
Bangalore,0.0,4058
Chennai,0.0,2129
Dehradun,0.0,3853
Indore,0.0,21137
Pune,0.0,14264
Bangalore,127677.0,32871
Chennai,82919.0,17565
Dehradun,166025.0,35942
Indore,1132444.0,295540
Pune,361979.0,80423
Bangalore,455615.0,32378
Chennai,237684.0,21265
Dehradun,449940.0,22075
Indore,2037350.0,269536
Pune,1678176.0,171053
Bangalore,60847.0,4560
Chennai,43155.0,5144
Dehradun,57591.0,5137
Indore,482070.0,66136
Pune,197193.0,21902
Bangalore,0.0,15285
Chennai,0.0,8713
Dehradun,0.0,15353
Indore,0.0,84775
Pune,0.0,41369
Bangalore,0.0,24654
Chennai,0.0,16663
Dehradun,0.0,20588
Indore,0.0,162916
Pune,0.0,90391
Bangalore,0.0,6153
Chennai,0.0,4838
Dehradun,0.0,6570
Indore,0.0,40370
Pune,0.0,23072
Bangalore,90010.0,28268
Chennai,82608.0,21082
Dehradun,113826.0,29315
Indore,867234.0,272002
Pune,246068.0,72361
Bangalore,297111.0,97076
Chennai,307304.0,63374
Dehradun,457465.0,38034
Indore,1622923.0,446361
Pune,1522773.0,196558
Bangalore,54882.0,6254
Chennai,61327.0,7178
Dehradun,88255.0,7261
Indore,410247.0,89959
Pune,158587.0,22758
Bangalore,0.0,13416
Chennai,0.0,4233
Dehradun,0.0,11126
Indore,0.0,61584
Pune,0.0,37978
Bangalore,0.0,27585
Chennai,0.0,9286
Dehradun,0.0,15545
Indore,0.0,149217
Pune,0.0,87585
Bangalore,0.0,4098
Chennai,0.0,2081
Dehradun,0.0,3888
Indore,0.0,22954
Pune,0.0,14634
Bangalore,116576.0,31584
Chennai,79022.0,17254
Dehradun,149300.0,32966
Indore,975980.0,258797
Pune,370399.0,92590
Bangalore,500893.0,34270
Chennai,296176.0,21459
Dehradun,526804.0,22530
Indore,2141633.0,286866
Pune,1644812.0,172130
Bangalore,70249.0,4734
Chennai,49464.0,5240
Dehradun,69452.0,5328
Indore,522058.0,76767
Pune,190705.0,21330
Bangalore,0.0,15157
Chennai,0.0,30171
Dehradun,0.0,16455
Indore,0.0,78976
Pune,0.0,37394
Bangalore,0.0,24997
Chennai,0.0,50229
Dehradun,0.0,22657
Indore,0.0,137863
Pune,0.0,87473
Bangalore,0.0,6129
Chennai,0.0,17020
Dehradun,0.0,6965
Indore,0.0,31724
Pune,0.0,20351
Bangalore,93909.0,30013
Chennai,236269.0,74696
Dehradun,121583.0,30892
Indore,840659.0,268879
Pune,306668.0,84581
Bangalore,226964.0,54863
Chennai,496221.0,101867
Dehradun,442999.0,46825
Indore,1252001.0,335146
Pune,1728185.0,269230
Bangalore,51558.0,6678
Chennai,133211.0,24716
Dehradun,94994.0,8225
Indore,358499.0,78976
Pune,215669.0,31832
Bangalore,0.0,14300
Chennai,0.0,18635
Dehradun,0.0,12103
Indore,0.0,59214
Pune,0.0,35658
Bangalore,0.0,28911
Chennai,0.0,39914
Dehradun,0.0,15854
Indore,0.0,131526
Pune,0.0,85302
Bangalore,0.0,4201
Chennai,0.0,8562
Dehradun,0.0,3883
Indore,0.0,17612
Pune,0.0,13019
Bangalore,124126.0,33945
Chennai,241389.0,66862
Dehradun,154679.0,34732
Indore,955484.0,268189
Pune,487135.0,103966
Bangalore,438111.0,36458
Chennai,579900.0,68467
Dehradun,469987.0,24244
Indore,1740670.0,269108
Pune,1713845.0,191850
Bangalore,75941.0,5015
Chennai,124037.0,14251
Dehradun,77849.0,5786
Indore,459743.0,73771
Pune,258246.0,28660
Bangalore,0.0,14920
Chennai,0.0,42873
Dehradun,0.0,16555
Indore,0.0,53893
Pune,0.0,28894
Bangalore,0.0,25966
Chennai,0.0,75150
Dehradun,0.0,22775
Indore,0.0,108845
Pune,0.0,82734
Bangalore,0.0,6270
Chennai,0.0,24777
Dehradun,0.0,6449
Indore,0.0,22148
Pune,0.0,18187
Bangalore,98358.0,32240
Chennai,330014.0,104389
Dehradun,123557.0,31100
Indore,659867.0,186022
Pune,296201.0,72242
Bangalore,231985.0,56942
Chennai,790934.0,133663
Dehradun,448812.0,33838
Indore,1075645.0,279219
Pune,1801353.0,193314
Bangalore,49299.0,6627
Chennai,182368.0,35556
Dehradun,91453.0,7212
Indore,308049.0,61433
Pune,259732.0,33367
Bangalore,0.0,14317
Chennai,0.0,28233
Dehradun,0.0,12227
Indore,0.0,42909
Pune,0.0,28123
Bangalore,0.0,32309
Chennai,0.0,63272
Dehradun,0.0,16179
Indore,0.0,114477
Pune,0.0,81499
Bangalore,0.0,4427
Chennai,0.0,13393
Dehradun,0.0,3478
Indore,0.0,12257
Pune,0.0,11763
Bangalore,133265.0,34777
Chennai,381030.0,101389
Dehradun,160146.0,34377
Indore,777459.0,180901
Pune,410666.0,85281
Bangalore,458974.0,42930
Chennai,1022963.0,97710
Dehradun,551004.0,24152
Indore,1670779.0,220093
Pune,1810704.0,184953
Bangalore,76382.0,5409
Chennai,200201.0,20246
Dehradun,105997.0,5352
Indore,479936.0,59787
Pune,327674.0,29517
Bangalore,0.0,16193
Chennai,0.0,43837
Dehradun,0.0,17080
Indore,0.0,50360
Pune,0.0,26638
Bangalore,0.0,27121
Chennai,0.0,75995
Dehradun,0.0,24317
Indore,0.0,105259
Pune,0.0,76264
Bangalore,0.0,8752
Chennai,0.0,24073
Dehradun,0.0,7079
Indore,0.0,21825
Pune,0.0,16867
Bangalore,108926.0,32388
Chennai,358210.0,108217
Dehradun,124358.0,31528
Indore,631323.0,171549
Pune,264944.0,67906
Bangalore,247451.0,55021
Chennai,769101.0,117287
Dehradun,462535.0,47238
Indore,971373.0,259769
Pune,1388834.0,203694
Bangalore,56025.0,9194
Chennai,186228.0,35153
Dehradun,76255.0,7650
Indore,297473.0,57807
Pune,239697.0,31305
Bangalore,0.0,15004
Chennai,0.0,28320
Dehradun,0.0,13198
Indore,0.0,39663
Pune,0.0,26600
Bangalore,0.0,35351
Chennai,0.0,56310
Dehradun,0.0,19089
Indore,0.0,120666
Pune,0.0,77847
Bangalore,0.0,13142
Chennai,0.0,13168
Dehradun,0.0,4468
Indore,0.0,11937
Pune,0.0,10813
Bangalore,147192.0,33332
Chennai,397525.0,102491
Dehradun,160259.0,35026
Indore,738147.0,164385
Pune,377626.0,83576
Bangalore,510146.0,42900
Chennai,922529.0,90435
Dehradun,559308.0,26552
Indore,2051487.0,222292
Pune,1571301.0,176772
Bangalore,101277.0,17640
Chennai,189680.0,19691
Dehradun,77228.0,7081
Indore,480185.0,54192
Pune,396909.0,27613
Bangalore,0.0,16287
Chennai,0.0,45612
Dehradun,0.0,16668
Indore,0.0,49391
Pune,0.0,29337
Bangalore,0.0,27518
Chennai,0.0,72583
Dehradun,0.0,25042
Indore,0.0,99875
Pune,0.0,76351
Bangalore,0.0,7193
Chennai,0.0,18944
Dehradun,0.0,7123
Indore,0.0,17669
Pune,0.0,12999
Bangalore,126990.0,34859
Chennai,418657.0,114409
Dehradun,146450.0,32928
Indore,694728.0,182990
Pune,351818.0,84424
Bangalore,320697.0,58416
Chennai,979323.0,124864
Dehradun,651791.0,64780
Indore,1263765.0,279738
Pune,2269114.0,287049
Bangalore,51295.0,7467
Chennai,220213.0,29507
Dehradun,86175.0,10269
Indore,296409.0,54585
Pune,246711.0,27701
Bangalore,0.0,15814
Chennai,0.0,33468
Dehradun,0.0,14036
Indore,0.0,37771
Pune,0.0,32070
Bangalore,0.0,32112
Chennai,0.0,53584
Dehradun,0.0,19793
Indore,0.0,102561
Pune,0.0,78539
Bangalore,0.0,8325
Chennai,0.0,12031
Dehradun,0.0,4851
Indore,0.0,10120
Pune,0.0,8465
Bangalore,167773.0,36695
Chennai,473110.0,119657
Dehradun,193815.0,37751
Indore,833054.0,176843
Pune,489665.0,110836
Bangalore,551141.0,44393
Chennai,971954.0,91133
Dehradun,615112.0,29310
Indore,2255879.0,232370
Pune,1915254.0,199156
Bangalore,80072.0,10920
Chennai,174605.0,18821
Dehradun,82349.0,10068
Indore,488566.0,48398
Pune,388239.0,23905
Bangalore,0.0,17050
Chennai,0.0,49879
Dehradun,0.0,18406
Indore,0.0,56815
Pune,0.0,29099
Bangalore,0.0,24772
Chennai,0.0,69565
Dehradun,0.0,23777
Indore,0.0,101301
Pune,0.0,78722
Bangalore,0.0,6013
Chennai,0.0,17098
Dehradun,0.0,6624
Indore,0.0,21671
Pune,0.0,15542
Bangalore,110233.0,34985
Chennai,398819.0,122326
Dehradun,142224.0,36654
Indore,681451.0,197870
Pune,284521.0,75471
Bangalore,244108.0,53736
Chennai,782340.0,110264
Dehradun,481873.0,46736
Indore,1016530.0,280774
Pune,2302626.0,289589
Bangalore,50285.0,6741
Chennai,216145.0,26906
Dehradun,88261.0,7532
Indore,297014.0,57024
Pune,238999.0,26268
Bangalore,0.0,17860
Chennai,0.0,36604
Dehradun,0.0,16266
Indore,0.0,40465
Pune,0.0,31314
Bangalore,0.0,32828
Chennai,0.0,53115
Dehradun,0.0,19314
Indore,0.0,101461
Pune,0.0,80976
Bangalore,0.0,4465
Chennai,0.0,11048
Dehradun,0.0,4930
Indore,0.0,11150
Pune,0.0,10752
Bangalore,156000.0,39357
Chennai,476187.0,128593
Dehradun,195547.0,42783
Indore,843329.0,191812
Pune,422934.0,95352
Bangalore,496243.0,42837
Chennai,883057.0,85321
Dehradun,563050.0,28928
Indore,1948793.0,207795
Pune,1651102.0,191886
Bangalore,74535.0,4530
Chennai,197010.0,20419
Dehradun,75158.0,7658
Indore,486347.0,50094
Pune,414426.0,25254
Bangalore,0.0,15816
Chennai,0.0,48256
Dehradun,0.0,16784
Indore,0.0,53842
Pune,0.0,31120
Bangalore,0.0,21851
Chennai,0.0,60593
Dehradun,0.0,21208
Indore,0.0,93416
Pune,0.0,81932
Bangalore,0.0,5535
Chennai,0.0,14710
Dehradun,0.0,6342
Indore,0.0,18652
Pune,0.0,14927
Bangalore,105150.0,37613
Chennai,386345.0,120536
Dehradun,135141.0,34683
Indore,657398.0,189902
Pune,298632.0,84044
Bangalore,224417.0,60020
Chennai,895729.0,113971
Dehradun,476248.0,43807
Indore,1342591.0,351120
Pune,3542925.0,323761
Bangalore,40782.0,5030
Chennai,166597.0,20008
Dehradun,85375.0,10863
Indore,289504.0,53381
Pune,237021.0,28006
Bangalore,0.0,18420
Chennai,0.0,39097
Dehradun,0.0,15025
Indore,0.0,40950
Pune,0.0,34065
Bangalore,0.0,28863
Chennai,0.0,49393
Dehradun,0.0,16727
Indore,0.0,90646
Pune,0.0,85007
Bangalore,0.0,4850
Chennai,0.0,9950
Dehradun,0.0,4779
Indore,0.0,11524
Pune,0.0,11367
Bangalore,161897.0,42308
Chennai,488709.0,133673
Dehradun,194336.0,43911
Indore,858970.0,206373
Pune,439533.0,105999
Bangalore,425221.0,35130
Chennai,864849.0,82988
Dehradun,550168.0,28841
Indore,1834105.0,206887
Pune,1581278.0,213120
Bangalore,64621.0,4784
Chennai,177018.0,16502
Dehradun,76343.0,8676
Indore,530446.0,49842
Pune,408904.0,26268
Bangalore,0.0,16463
Chennai,0.0,46185
Dehradun,0.0,17047
Indore,0.0,55143
Pune,0.0,30749
Bangalore,0.0,19869
Chennai,0.0,52305
Dehradun,0.0,19529
Indore,0.0,81592
Pune,0.0,78547
Bangalore,0.0,3809
Chennai,0.0,10743
Dehradun,0.0,5022
Indore,0.0,15484
Pune,0.0,12666
Bangalore,116371.0,38883
Chennai,394491.0,122782
Dehradun,145002.0,34720
Indore,695854.0,203030
Pune,305857.0,89241
Bangalore,247364.0,55687
Chennai,956121.0,101784
Dehradun,463314.0,32357
Indore,1216202.0,201071
Pune,4047531.0,300444
Bangalore,36127.0,3846
Chennai,142708.0,15392
Dehradun,81983.0,11344
Indore,264407.0,40493
Pune,209696.0,25173
Bangalore,0.0,19063
Chennai,0.0,36428
Dehradun,0.0,14084
Indore,0.0,39464
Pune,0.0,33631
Bangalore,0.0,23645
Chennai,0.0,40343
Dehradun,0.0,13542
Indore,0.0,76535
Pune,0.0,84203
Bangalore,0.0,3308
Chennai,0.0,6794
Dehradun,0.0,3413
Indore,0.0,9186
Pune,0.0,9392
Bangalore,175931.0,45397
Chennai,489276.0,131835
Dehradun,193950.0,40271
Indore,932827.0,224233
Pune,439425.0,102399
Bangalore,360197.0,29664
Chennai,709490.0,74994
Dehradun,453161.0,24409
Indore,1617808.0,214161
Pune,2032127.0,205769
Bangalore,64236.0,4090
Chennai,157630.0,11703
Dehradun,66143.0,6948
Indore,516316.0,43143
Pune,382177.0,23113
Bangalore,0.0,14723
Chennai,0.0,39874
Dehradun,0.0,14417
Indore,0.0,51325
Pune,0.0,29010
Bangalore,0.0,19448
Chennai,0.0,45904
Dehradun,0.0,17094
Indore,0.0,79764
Pune,0.0,68869
Bangalore,0.0,3346
Chennai,0.0,9275
Dehradun,0.0,4235
Indore,0.0,14279
Pune,0.0,11821
Bangalore,115816.0,38898
Chennai,348662.0,105900
Dehradun,125852.0,30490
Indore,668483.0,208685
Pune,287862.0,80951
Bangalore,336994.0,59601
Chennai,1103640.0,97452
Dehradun,492983.0,22103
Indore,1583816.0,311586
Pune,3523809.0,254937
Bangalore,33406.0,3245
Chennai,128845.0,13233
Dehradun,64688.0,6620
Indore,232768.0,38902
Pune,204746.0,20649
Bangalore,0.0,18445
Chennai,0.0,33089
Dehradun,0.0,12394
Indore,0.0,37718
Pune,0.0,33486
Bangalore,0.0,22149
Chennai,0.0,37782
Dehradun,0.0,12188
Indore,0.0,87066
Pune,0.0,76597
Bangalore,0.0,2944
Chennai,0.0,6517
Dehradun,0.0,2920
Indore,0.0,10499
Pune,0.0,8703
Bangalore,180732.0,45221
Chennai,423876.0,113491
Dehradun,172572.0,34494
Indore,854117.0,214416
Pune,405594.0,90047
Bangalore,346013.0,27462
Chennai,697665.0,69662
Dehradun,410517.0,21874
Indore,1496762.0,242779
Pune,1972468.0,182310
Bangalore,54456.0,3534
Chennai,130261.0,9779
Dehradun,54960.0,5370
Indore,443524.0,53880
Pune,350806.0,21687
Bangalore,0.0,16851
Chennai,0.0,51273
Dehradun,0.0,19647
Indore,0.0,60792
Pune,0.0,32473
Bangalore,0.0,21969
Chennai,0.0,60591
Dehradun,0.0,22929
Indore,0.0,90013
Pune,0.0,76841
Bangalore,0.0,5172
Chennai,0.0,13068
Dehradun,0.0,5672
Indore,0.0,16640
Pune,0.0,13679
Bangalore,132849.0,45623
Chennai,412175.0,133867
Dehradun,161483.0,43425
Indore,767321.0,234674
Pune,325265.0,91316
Bangalore,471145.0,74652
Chennai,2121054.0,119817
Dehradun,539495.0,29877
Indore,2360423.0,238264
Pune,6463389.0,314219
Bangalore,43128.0,5470
Chennai,184704.0,17875
Dehradun,80343.0,12515
Indore,336671.0,47662
Pune,298877.0,26184
Bangalore,0.0,20121
Chennai,0.0,40018
Dehradun,0.0,16022
Indore,0.0,42052
Pune,0.0,36366
Bangalore,0.0,25761
Chennai,0.0,49966
Dehradun,0.0,15784
Indore,0.0,89396
Pune,0.0,81476
Bangalore,0.0,5405
Chennai,0.0,8738
Dehradun,0.0,3427
Indore,0.0,21854
Pune,0.0,9606
Bangalore,198442.0,47708
Chennai,475007.0,129595
Dehradun,217657.0,47192
Indore,984772.0,244884
Pune,454565.0,107901
Bangalore,391792.0,32380
Chennai,901605.0,88685
Dehradun,476460.0,29163
Indore,2283070.0,262122
Pune,1428236.0,235302
Bangalore,72995.0,7306
Chennai,179084.0,14019
Dehradun,71380.0,5619
Indore,770701.0,121239
Pune,391173.0,25160
Bangalore,0.0,23411
Chennai,0.0,71750
Dehradun,0.0,20729
Indore,0.0,74374
Pune,0.0,52202
Bangalore,0.0,32407
Chennai,0.0,96706
Dehradun,0.0,29077
Indore,0.0,117212
Pune,0.0,104913
Bangalore,0.0,4733
Chennai,0.0,11815
Dehradun,0.0,4523
Indore,0.0,14839
Pune,0.0,12018
Bangalore,159066.0,66489
Chennai,522007.0,194965
Dehradun,174434.0,45570
Indore,948299.0,309690
Pune,561379.0,174993
Bangalore,491642.0,102650
Chennai,1830646.0,189479
Dehradun,687801.0,43223
Indore,2632792.0,382520
Pune,8949571.0,400768
Bangalore,55350.0,9726
Chennai,199075.0,25386
Dehradun,86025.0,11519
Indore,456791.0,61982
Pune,543506.0,34236
Bangalore,0.0,25726
Chennai,0.0,58057
Dehradun,0.0,16354
Indore,0.0,52668
Pune,0.0,49208
Bangalore,0.0,38714
Chennai,0.0,82109
Dehradun,0.0,18680
Indore,0.0,104660
Pune,0.0,105280
Bangalore,0.0,5385
Chennai,0.0,7182
Dehradun,0.0,2689
Indore,0.0,7493
Pune,0.0,8990
Bangalore,228195.0,65537
Chennai,630669.0,190164
Dehradun,251024.0,48078
Indore,1312007.0,366356
Pune,687147.0,190522
Bangalore,552642.0,45671
Chennai,1070609.0,139291
Dehradun,679299.0,31769
Indore,2196622.0,353670
Pune,2144092.0,314629
Bangalore,97754.0,11445
Chennai,210465.0,19460
Dehradun,74475.0,5831
Indore,518051.0,59148
Pune,436096.0,32233
Bangalore,0.0,24066
Chennai,0.0,77190
Dehradun,0.0,17709
Indore,0.0,80935
Pune,0.0,50962
Bangalore,0.0,33717
Chennai,0.0,105566
Dehradun,0.0,25847
Indore,0.0,133184
Pune,0.0,104638
Bangalore,0.0,3103
Chennai,0.0,9318
Dehradun,0.0,2918
Indore,0.0,18153
Pune,0.0,8361
Bangalore,171454.0,71931
Chennai,531875.0,207912
Dehradun,160083.0,40645
Indore,1053001.0,340378
Pune,561772.0,184343
Bangalore,497571.0,104154
Chennai,1991280.0,207042
Dehradun,669147.0,34926
Indore,2341270.0,447909
Pune,11274131.0,389191
Bangalore,48594.0,5454
Chennai,182128.0,22016
Dehradun,79674.0,12734
Indore,304033.0,112700
Pune,263951.0,30074
Bangalore,0.0,24240
Chennai,0.0,65807
Dehradun,0.0,14134
Indore,0.0,61307
Pune,0.0,38788
Bangalore,0.0,38364
Chennai,0.0,100678
Dehradun,0.0,17779
Indore,0.0,126231
Pune,0.0,101038
Bangalore,0.0,2305
Chennai,0.0,5189
Dehradun,0.0,1792
Indore,0.0,6268
Pune,0.0,6850
Bangalore,224437.0,64052
Chennai,621840.0,202993
Dehradun,230198.0,41654
Indore,1461928.0,386818
Pune,613118.0,170762
Bangalore,540049.0,50290
Chennai,1049141.0,160255
Dehradun,594808.0,26898
Indore,2142323.0,346684
Pune,1893719.0,310268
Bangalore,86104.0,4794
Chennai,171044.0,15495
Dehradun,59829.0,4520
Indore,438587.0,53727
Pune,384299.0,40036
Bangalore,0.0,15140
Chennai,0.0,37077
Dehradun,0.0,11842
Indore,0.0,64277
Pune,0.0,40685
Bangalore,0.0,22355
Chennai,0.0,54856
Dehradun,0.0,22823
Indore,0.0,108310
Pune,0.0,95503
Bangalore,0.0,2460
Chennai,0.0,5979
Dehradun,0.0,2997
Indore,0.0,17210
Pune,0.0,7621
Bangalore,143539.0,45028
Chennai,384403.0,103842
Dehradun,122745.0,24519
Indore,1004540.0,283243
Pune,496736.0,154269
Bangalore,464272.0,69649
Chennai,1750231.0,82974
Dehradun,651206.0,28556
Indore,2238251.0,286894
Pune,4288560.0,394416
Bangalore,50504.0,3865
Chennai,155812.0,15616
Dehradun,83012.0,21619
Indore,305773.0,102189
Pune,222360.0,27499
Bangalore,0.0,12015
Chennai,0.0,21697
Dehradun,0.0,9219
Indore,0.0,42353
Pune,0.0,29718
Bangalore,0.0,24101
Chennai,0.0,37905
Dehradun,0.0,15214
Indore,0.0,82719
Pune,0.0,90794
Bangalore,0.0,1808
Chennai,0.0,3949
Dehradun,0.0,1939
Indore,0.0,5191
Pune,0.0,6541
Bangalore,175823.0,31567
Chennai,449565.0,90980
Dehradun,182839.0,24698
Indore,1427942.0,330533
Pune,524948.0,125958
Bangalore,605554.0,41530
Chennai,1212610.0,96302
Dehradun,558487.0,22786
Indore,2218013.0,292531
Pune,1963722.0,280352
Bangalore,82662.0,4017
Chennai,181002.0,14141
Dehradun,59488.0,4465
Indore,478912.0,47993
Pune,372706.0,38330
Bangalore,0.0,13131
Chennai,0.0,32233
Dehradun,0.0,11305
Indore,0.0,55910
Pune,0.0,29133
Bangalore,0.0,18532
Chennai,0.0,47529
Dehradun,0.0,21734
Indore,0.0,103201
Pune,0.0,89503
Bangalore,0.0,1952
Chennai,0.0,5479
Dehradun,0.0,2968
Indore,0.0,16194
Pune,0.0,9595
Bangalore,125767.0,34466
Chennai,350830.0,88938
Dehradun,110667.0,22316
Indore,901512.0,236934
Pune,367060.0,90416
Bangalore,479113.0,45346
Chennai,1171945.0,78446
Dehradun,697264.0,25943
Indore,3924887.0,373204
Pune,4504393.0,326532
Bangalore,60996.0,3342
Chennai,135714.0,14687
Dehradun,79466.0,10823
Indore,325296.0,114246
Pune,414616.0,31054
Bangalore,0.0,11648
Chennai,0.0,18370
Dehradun,0.0,8532
Indore,0.0,36027
Pune,0.0,25933
Bangalore,0.0,21896
Chennai,0.0,33401
Dehradun,0.0,16242
Indore,0.0,80021
Pune,0.0,86289
Bangalore,0.0,1668
Chennai,0.0,2818
Dehradun,0.0,2235
Indore,0.0,5897
Pune,0.0,6955
Bangalore,179795.0,32291
Chennai,406945.0,76188
Dehradun,161223.0,21543
Indore,1291855.0,267718
Pune,467049.0,93203
Bangalore,609614.0,37899
Chennai,1023077.0,88418
Dehradun,623591.0,23334
Indore,2341885.0,279223
Pune,2310687.0,240656
Bangalore,90584.0,3850
Chennai,150268.0,10853
Dehradun,63753.0,4796
Indore,490676.0,49443
Pune,471348.0,27619
Bangalore,0.0,10517
Chennai,0.0,30412
Dehradun,0.0,12712
Indore,0.0,49565
Pune,0.0,22949
Bangalore,0.0,18353
Chennai,0.0,45434
Dehradun,0.0,27930
Indore,0.0,91521
Pune,0.0,77979
Bangalore,0.0,1762
Chennai,0.0,5400
Dehradun,0.0,3354
Indore,0.0,11062
Pune,0.0,8488
Bangalore,104276.0,28793
Chennai,323798.0,82362
Dehradun,111933.0,22729
Indore,807522.0,203838
Pune,320886.0,70743
Bangalore,417156.0,42683
Chennai,1227117.0,62139
Dehradun,694376.0,20704
Indore,3524626.0,171702
Pune,4319381.0,227783
Bangalore,48678.0,2541
Chennai,130302.0,11281
Dehradun,61745.0,4895
Indore,272790.0,41239
Pune,220604.0,20640
Bangalore,0.0,6203
Chennai,0.0,16869
Dehradun,0.0,7880
Indore,0.0,30362
Pune,0.0,18942
Bangalore,0.0,19233
Chennai,0.0,34017
Dehradun,0.0,17976
Indore,0.0,70281
Pune,0.0,79836
Bangalore,0.0,1548
Chennai,0.0,2837
Dehradun,0.0,2220
Indore,0.0,5489
Pune,0.0,5665
Bangalore,113160.0,14049
Chennai,375662.0,65522
Dehradun,148185.0,19270
Indore,1126320.0,224810
Pune,382976.0,59298
Bangalore,585475.0,30237
Chennai,1051774.0,89696
Dehradun,669330.0,23313
Indore,2322898.0,245674
Pune,2874458.0,212511
Bangalore,80157.0,3493
Chennai,147401.0,9264
Dehradun,62481.0,4371
Indore,385286.0,44165
Pune,373508.0,20985
Bangalore,0.0,11870
Chennai,0.0,35682
Dehradun,0.0,13520
Indore,0.0,55955
Pune,0.0,27512
Bangalore,0.0,19184
Chennai,0.0,49759
Dehradun,0.0,25024
Indore,0.0,96278
Pune,0.0,77847
Bangalore,0.0,1853
Chennai,0.0,6061
Dehradun,0.0,2920
Indore,0.0,10828
Pune,0.0,7841
Bangalore,110230.0,32130
Chennai,365786.0,95934
Dehradun,113706.0,25337
Indore,856401.0,219905
Pune,395949.0,120346
Bangalore,528557.0,46196
Chennai,1545978.0,68104
Dehradun,1125225.0,21034
Indore,3668102.0,178019
Pune,6354506.0,375564
Bangalore,44529.0,2553
Chennai,178040.0,12343
Dehradun,66350.0,7919
Indore,436707.0,41381
Pune,265170.0,18631
Bangalore,0.0,7590
Chennai,0.0,17608
Dehradun,0.0,9837
Indore,0.0,32968
Pune,0.0,21190
Bangalore,0.0,21607
Chennai,0.0,35468
Dehradun,0.0,22820
Indore,0.0,77603
Pune,0.0,78517
Bangalore,0.0,1796
Chennai,0.0,2855
Dehradun,0.0,1910
Indore,0.0,6636
Pune,0.0,5351
Bangalore,128121.0,16899
Chennai,381464.0,70273
Dehradun,154700.0,23134
Indore,1214962.0,234961
Pune,401415.0,63460
Bangalore,685635.0,34717
Chennai,1408582.0,89265
Dehradun,619834.0,27017
Indore,4015063.0,257097
Pune,7562185.0,198860
Bangalore,79063.0,4374
Chennai,226579.0,8733
Dehradun,65863.0,3732
Indore,840333.0,42312
Pune,418325.0,17741
Bangalore,0.0,14749
Chennai,0.0,46171
Dehradun,0.0,17281
Indore,0.0,70801
Pune,0.0,35807
Bangalore,0.0,20291
Chennai,0.0,53493
Dehradun,0.0,25390
Indore,0.0,93859
Pune,0.0,80220
Bangalore,0.0,2225
Chennai,0.0,5954
Dehradun,0.0,3048
Indore,0.0,9959
Pune,0.0,6718
Bangalore,137757.0,32292
Chennai,469323.0,125283
Dehradun,141299.0,31438
Indore,1120016.0,304972
Pune,556275.0,181182
Bangalore,709806.0,49546
Chennai,2305465.0,66309
Dehradun,784221.0,30325
Indore,2722843.0,171084
Pune,8188402.0,558073
Bangalore,63041.0,2915
Chennai,241939.0,12694
Dehradun,72087.0,5366
Indore,645377.0,38432
Pune,292391.0,16693
Bangalore,0.0,10791
Chennai,0.0,22802
Dehradun,0.0,11749
Indore,0.0,39306
Pune,0.0,23067
Bangalore,0.0,26268
Chennai,0.0,40394
Dehradun,0.0,21781
Indore,0.0,77635
Pune,0.0,74584
Bangalore,0.0,1818
Chennai,0.0,2669
Dehradun,0.0,1896
Indore,0.0,4628
Pune,0.0,3774
Bangalore,171681.0,21484
Chennai,482685.0,89614
Dehradun,211395.0,28970
Indore,1462881.0,287063
Pune,482157.0,72534
Bangalore,723554.0,38737
Chennai,1489524.0,98073
Dehradun,755417.0,30212
Indore,3976986.0,259789
Pune,4806348.0,235511
Bangalore,74936.0,3461
Chennai,358762.0,8360
Dehradun,81643.0,3226
Indore,1462730.0,41508
Pune,395168.0,13711
Bangalore,0.0,13822
Chennai,0.0,44563
Dehradun,0.0,15648
Indore,0.0,50737
Pune,0.0,23250
Bangalore,0.0,22165
Chennai,0.0,61459
Dehradun,0.0,30156
Indore,0.0,91275
Pune,0.0,74444
Bangalore,0.0,2286
Chennai,0.0,6950
Dehradun,0.0,3484
Indore,0.0,10287
Pune,0.0,5897
Bangalore,123589.0,29688
Chennai,459962.0,119696
Dehradun,137395.0,27524
Indore,887789.0,234795
Pune,360624.0,81141
Bangalore,452117.0,47558
Chennai,1566157.0,85297
Dehradun,640724.0,26416
Indore,1878019.0,200767
Pune,6851863.0,396730
Bangalore,43981.0,2585
Chennai,173406.0,16209
Dehradun,64296.0,4734
Indore,360851.0,58995
Pune,266013.0,15894
Bangalore,0.0,8879
Chennai,0.0,20299
Dehradun,0.0,9606
Indore,0.0,27136
Pune,0.0,12245
Bangalore,0.0,23888
Chennai,0.0,39020
Dehradun,0.0,19124
Indore,0.0,60175
Pune,0.0,44985
Bangalore,0.0,2005
Chennai,0.0,3145
Dehradun,0.0,2076
Indore,0.0,5013
Pune,0.0,3363
Bangalore,129229.0,16485
Chennai,434135.0,79263
Dehradun,165906.0,21937
Indore,1159779.0,232425
Pune,327302.0,38580
Bangalore,478906.0,33757
Chennai,1112255.0,95118
Dehradun,729284.0,23784
Indore,3081765.0,218329
Pune,3919779.0,137391
Bangalore,74038.0,3341
Chennai,182596.0,11000
Dehradun,66979.0,3817
Indore,659788.0,40268
Pune,338873.0,15368
Bangalore,0.0,11183
Chennai,0.0,39520
Dehradun,0.0,17429
Indore,0.0,45917
Pune,0.0,21913
Bangalore,0.0,19105
Chennai,0.0,59809
Dehradun,0.0,33111
Indore,0.0,88624
Pune,0.0,70535
Bangalore,0.0,1695
Chennai,0.0,5997
Dehradun,0.0,3538
Indore,0.0,10422
Pune,0.0,5266
Bangalore,114099.0,26497
Chennai,412412.0,104268
Dehradun,141409.0,30962
Indore,847851.0,210076
Pune,359278.0,78249
Bangalore,542616.0,42144
Chennai,1363960.0,71907
Dehradun,570608.0,28361
Indore,1368953.0,246174
Pune,3859346.0,244278
Bangalore,37253.0,2497
Chennai,169691.0,14553
Dehradun,84980.0,5326
Indore,322489.0,70287
Pune,238426.0,16562
Bangalore,0.0,2806
Chennai,0.0,10381
Dehradun,0.0,4120
Indore,0.0,18686
Pune,0.0,6248
Bangalore,0.0,8468
Chennai,0.0,23903
Dehradun,0.0,7564
Indore,0.0,46956
Pune,0.0,27559
Bangalore,0.0,1102
Chennai,0.0,2041
Dehradun,0.0,860
Indore,0.0,3642
Pune,0.0,2809
Bangalore,69008.0,6176
Chennai,282575.0,39735
Dehradun,106503.0,11851
Indore,874324.0,165132
Pune,262029.0,27908
Bangalore,485278.0,15694
Chennai,2870002.0,65505
Dehradun,431752.0,9601
Indore,2382456.0,199937
Pune,3922145.0,108739
Bangalore,66917.0,2368
Chennai,117097.0,8278
Dehradun,46111.0,1619
Indore,466715.0,30563
Pune,510775.0,17134
Bangalore,0.0,13808
Chennai,0.0,41016
Dehradun,0.0,18461
Indore,0.0,49042
Pune,0.0,21931
Bangalore,0.0,22026
Chennai,0.0,62403
Dehradun,0.0,36729
Indore,0.0,91492
Pune,0.0,75391
Bangalore,0.0,1870
Chennai,0.0,6311
Dehradun,0.0,3823
Indore,0.0,9767
Pune,0.0,5738
Bangalore,117926.0,31446
Chennai,416780.0,105122
Dehradun,144403.0,32686
Indore,909601.0,236097
Pune,356323.0,74331
Bangalore,370302.0,47218
Chennai,914440.0,80392
Dehradun,551952.0,33742
Indore,1264449.0,208409
Pune,3348844.0,235415
Bangalore,37822.0,2916
Chennai,156595.0,15267
Dehradun,80764.0,5629
Indore,310723.0,52747
Pune,219647.0,18438
Bangalore,0.0,3131
Chennai,0.0,9842
Dehradun,0.0,3664
Indore,0.0,18498
Pune,0.0,4988
Bangalore,0.0,7969
Chennai,0.0,21648
Dehradun,0.0,7448
Indore,0.0,46071
Pune,0.0,25595
Bangalore,0.0,1040
Chennai,0.0,1893
Dehradun,0.0,766
Indore,0.0,3120
Pune,0.0,3310
Bangalore,71083.0,6876
Chennai,271924.0,36784
Dehradun,107034.0,10058
Indore,888428.0,164047
Pune,245411.0,22450
Bangalore,323529.0,13004
Chennai,634435.0,58461
Dehradun,268086.0,10282
Indore,2406885.0,209864
Pune,2387859.0,110647
Bangalore,53487.0,2346
Chennai,108920.0,7521
Dehradun,38023.0,1573
Indore,384655.0,33876
Pune,261786.0,18593
Bangalore,0.0,12035
Chennai,0.0,35027
Dehradun,0.0,13043
Indore,0.0,42443
Pune,0.0,18435
Bangalore,0.0,19797
Chennai,0.0,54364
Dehradun,0.0,30394
Indore,0.0,81662
Pune,0.0,62100
Bangalore,0.0,1626
Chennai,0.0,5204
Dehradun,0.0,2772
Indore,0.0,9562
Pune,0.0,5051
Bangalore,98483.0,24263
Chennai,358640.0,90525
Dehradun,116410.0,28721
Indore,772373.0,196944
Pune,311531.0,61216
Bangalore,420104.0,49760
Chennai,1441355.0,68938
Dehradun,571259.0,46878
Indore,1193816.0,181615
Pune,4072062.0,257187
Bangalore,34099.0,2632
Chennai,133346.0,13073
Dehradun,59922.0,4459
Indore,307418.0,50917
Pune,161926.0,15303
Bangalore,0.0,6092
Chennai,0.0,12761
Dehradun,0.0,5863
Indore,0.0,22180
Pune,0.0,9271
Bangalore,0.0,15871
Chennai,0.0,27086
Dehradun,0.0,13523
Indore,0.0,56319
Pune,0.0,43147
Bangalore,0.0,1350
Chennai,0.0,2362
Dehradun,0.0,1407
Indore,0.0,3940
Pune,0.0,4109
Bangalore,92932.0,11373
Chennai,310222.0,47394
Dehradun,120203.0,12886
Indore,956885.0,175117
Pune,298824.0,33849
Bangalore,421053.0,22438
Chennai,979176.0,73383
Dehradun,424124.0,18474
Indore,2672717.0,214057
Pune,1797321.0,136479
Bangalore,71174.0,2480
Chennai,143678.0,9526
Dehradun,48428.0,3168
Indore,591068.0,38612
Pune,274018.0,17495
Bangalore,0.0,11903
Chennai,0.0,37119
Dehradun,0.0,10699
Indore,0.0,49266
Pune,0.0,18429
Bangalore,0.0,20108
Chennai,0.0,57794
Dehradun,0.0,29147
Indore,0.0,96225
Pune,0.0,63849
Bangalore,0.0,1689
Chennai,0.0,5448
Dehradun,0.0,2657
Indore,0.0,8356
Pune,0.0,5172
Bangalore,96596.0,25408
Chennai,383071.0,97947
Dehradun,100228.0,21080
Indore,831138.0,219234
Pune,316491.0,63793
Bangalore,1136869.0,69461
Chennai,1887708.0,80318
Dehradun,1087024.0,34548
Indore,2886513.0,202499
Pune,8093290.0,353705
Bangalore,50458.0,2731
Chennai,154183.0,13551
Dehradun,53383.0,5137
Indore,389245.0,40094
Pune,198514.0,19867
Bangalore,0.0,9733
Chennai,0.0,19326
Dehradun,0.0,7512
Indore,0.0,35182
Pune,0.0,12901
Bangalore,0.0,24730
Chennai,0.0,40066
Dehradun,0.0,21734
Indore,0.0,98229
Pune,0.0,67706
Bangalore,0.0,1748
Chennai,0.0,3274
Dehradun,0.0,2196
Indore,0.0,9831
Pune,0.0,5856
Bangalore,113071.0,17430
Chennai,415001.0,71873
Dehradun,127647.0,13161
Indore,1238699.0,241350
Pune,349320.0,41146
Bangalore,439762.0,30970
Chennai,1029842.0,98546
Dehradun,447590.0,25260
Indore,3384923.0,337055
Pune,2253478.0,190809
Bangalore,92526.0,2826
Chennai,163996.0,12666
Dehradun,55373.0,4383
Indore,837019.0,52868
Pune,361096.0,23978
Bangalore,0.0,8755
Chennai,0.0,33765
Dehradun,0.0,9870
Indore,0.0,45087
Pune,0.0,20332
Bangalore,0.0,15416
Chennai,0.0,53713
Dehradun,0.0,26202
Indore,0.0,86529
Pune,0.0,66498
Bangalore,0.0,1363
Chennai,0.0,5231
Dehradun,0.0,2472
Indore,0.0,7874
Pune,0.0,4660
Bangalore,75621.0,18137
Chennai,337042.0,84887
Dehradun,84604.0,15595
Indore,759501.0,193098
Pune,325969.0,66662
Bangalore,740915.0,50770
Chennai,1647996.0,80612
Dehradun,871085.0,22409
Indore,3344674.0,191606
Pune,7636691.0,310982
Bangalore,27072.0,2122
Chennai,118855.0,13331
Dehradun,50779.0,4608
Indore,437476.0,44301
Pune,202251.0,20219
Bangalore,0.0,7756
Chennai,0.0,18248
Dehradun,0.0,6612
Indore,0.0,39619
Pune,0.0,15067
Bangalore,0.0,19252
Chennai,0.0,37972
Dehradun,0.0,19529
Indore,0.0,90778
Pune,0.0,58897
Bangalore,0.0,1263
Chennai,0.0,3206
Dehradun,0.0,1982
Indore,0.0,5620
Pune,0.0,5149
Bangalore,95158.0,13795
Chennai,389482.0,65856
Dehradun,117524.0,11324
Indore,1301662.0,230337
Pune,396809.0,53667
Bangalore,424654.0,25580
Chennai,1023673.0,95186
Dehradun,463365.0,21389
Indore,3314853.0,287372
Pune,2004893.0,190855
Bangalore,56754.0,2174
Chennai,149359.0,11984
Dehradun,56531.0,3762
Indore,809167.0,54001
Pune,337224.0,24386
Bangalore,0.0,9963
Chennai,0.0,32333
Dehradun,0.0,13068
Indore,0.0,47379
Pune,0.0,21547
Bangalore,0.0,15705
Chennai,0.0,50206
Dehradun,0.0,28379
Indore,0.0,83127
Pune,0.0,75466
Bangalore,0.0,1317
Chennai,0.0,4848
Dehradun,0.0,2432
Indore,0.0,7079
Pune,0.0,4645
Bangalore,84312.0,21576
Chennai,317801.0,79934
Dehradun,101656.0,21858
Indore,778299.0,194975
Pune,331140.0,69155
Bangalore,402508.0,66225
Chennai,1346224.0,70835
Dehradun,607163.0,28139
Indore,2444591.0,185340
Pune,6411464.0,370236
Bangalore,27822.0,1985
Chennai,135054.0,11750
Dehradun,53609.0,4627
Indore,381032.0,38324
Pune,213487.0,23600
Bangalore,0.0,10536
Chennai,0.0,20450
Dehradun,0.0,10663
Indore,0.0,36822
Pune,0.0,16507
Bangalore,0.0,26396
Chennai,0.0,38831
Dehradun,0.0,23192
Indore,0.0,91690
Pune,0.0,61200
Bangalore,0.0,1301
Chennai,0.0,3698
Dehradun,0.0,2244
Indore,0.0,5766
Pune,0.0,5139
Bangalore,109238.0,19771
Chennai,406611.0,74083
Dehradun,159443.0,21257
Indore,1358874.0,231529
Pune,434147.0,61662
Bangalore,536940.0,26805
Chennai,1391923.0,93236
Dehradun,600409.0,23426
Indore,3936846.0,301406
Pune,2497550.0,185775
Bangalore,63411.0,2104
Chennai,183529.0,12963
Dehradun,64239.0,3900
Indore,833958.0,51909
Pune,375190.0,20272
Bangalore,0.0,8389
Chennai,0.0,27228
Dehradun,0.0,9298
Indore,0.0,43998
Pune,0.0,15418
Bangalore,0.0,15595
Chennai,0.0,45586
Dehradun,0.0,21151
Indore,0.0,86022
Pune,0.0,68597
Bangalore,0.0,1264
Chennai,0.0,4770
Dehradun,0.0,2008
Indore,0.0,10270
Pune,0.0,4623
Bangalore,74879.0,20188
Chennai,272582.0,68766
Dehradun,80157.0,16450
Indore,747883.0,188298
Pune,260964.0,51270
Bangalore,999165.0,502226
Chennai,1554926.0,69876
Dehradun,591144.0,24732
Indore,2112984.0,184205
Pune,9083552.0,923720
Bangalore,26662.0,2221
Chennai,102093.0,12448
Dehradun,37336.0,3371
Indore,423161.0,48582
Pune,1035025.0,15466
Bangalore,0.0,7249
Chennai,0.0,16228
Dehradun,0.0,7617
Indore,0.0,33881
Pune,0.0,13251
Bangalore,0.0,18059
Chennai,0.0,35461
Dehradun,0.0,16562
Indore,0.0,103763
Pune,0.0,60774
Bangalore,0.0,1189
Chennai,0.0,3266
Dehradun,0.0,1630
Indore,0.0,9739
Pune,0.0,5398
Bangalore,95328.0,16389
Chennai,350468.0,58003
Dehradun,128400.0,15881
Indore,1194515.0,211249
Pune,346837.0,41598
Bangalore,472110.0,30204
Chennai,1320796.0,83273
Dehradun,512808.0,18437
Indore,3654139.0,303346
Pune,3191562.0,213484
Bangalore,53529.0,2123
Chennai,142887.0,11444
Dehradun,49035.0,2989
Indore,815877.0,52494
Pune,354289.0,19522
Bangalore,0.0,8330
Chennai,0.0,32222
Dehradun,0.0,9625
Indore,0.0,35646
Pune,0.0,18408
Bangalore,0.0,14172
Chennai,0.0,47527
Dehradun,0.0,19901
Indore,0.0,69691
Pune,0.0,55206
Bangalore,0.0,1094
Chennai,0.0,4305
Dehradun,0.0,1730
Indore,0.0,7453
Pune,0.0,4166
Bangalore,74450.0,20750
Chennai,384511.0,92150
Dehradun,77045.0,16299
Indore,578439.0,145281
Pune,286620.0,59782
Bangalore,612238.0,266144
Chennai,3000806.0,198119
Dehradun,500338.0,25691
Indore,3462126.0,321858
Pune,4284911.0,374642
Bangalore,24567.0,2501
Chennai,144276.0,11951
Dehradun,32261.0,2944
Indore,317497.0,33316
Pune,260488.0,14130
Bangalore,0.0,7840
Chennai,0.0,20452
Dehradun,0.0,8291
Indore,0.0,32554
Pune,0.0,15464
Bangalore,0.0,16857
Chennai,0.0,35537
Dehradun,0.0,16953
Indore,0.0,93755
Pune,0.0,60548
Bangalore,0.0,1201
Chennai,0.0,3301
Dehradun,0.0,1746
Indore,0.0,10298
Pune,0.0,5073
Bangalore,101638.0,18106
Chennai,558689.0,90367
Dehradun,132113.0,19122
Indore,1074759.0,204963
Pune,424738.0,64911
Bangalore,477170.0,41625
Chennai,2148119.0,97569
Dehradun,667136.0,21906
Indore,3020639.0,302076
Pune,3007471.0,275399
Bangalore,51777.0,2334
Chennai,252044.0,12882
Dehradun,46461.0,3398
Indore,778553.0,65221
Pune,314813.0,20308
Bangalore,0.0,8888
Chennai,0.0,41060
Dehradun,0.0,11878
Indore,0.0,34840
Pune,0.0,19814
Bangalore,0.0,13483
Chennai,0.0,55630
Dehradun,0.0,21392
Indore,0.0,67292
Pune,0.0,57431
Bangalore,0.0,1070
Chennai,0.0,4617
Dehradun,0.0,1753
Indore,0.0,5735
Pune,0.0,4091
Bangalore,84830.0,20069
Chennai,458690.0,117991
Dehradun,94292.0,20027
Indore,575686.0,136008
Pune,313142.0,58235
Bangalore,645039.0,201687
Chennai,3181384.0,256035
Dehradun,646672.0,32958
Indore,3574996.0,139749
Pune,5663574.0,271304
Bangalore,26027.0,1978
Chennai,126204.0,11737
Dehradun,34448.0,2742
Indore,275838.0,25200
Pune,186041.0,11174
Bangalore,0.0,8667
Chennai,0.0,24835
Dehradun,0.0,11011
Indore,0.0,35734
Pune,0.0,15939
Bangalore,0.0,18765
Chennai,0.0,40133
Dehradun,0.0,19559
Indore,0.0,100464
Pune,0.0,65295
Bangalore,0.0,1394
Chennai,0.0,3835
Dehradun,0.0,1679
Indore,0.0,14540
Pune,0.0,5103
Bangalore,113469.0,19919
Chennai,650916.0,116642
Dehradun,147823.0,24992
Indore,1116945.0,211940
Pune,432377.0,59242
Bangalore,1015916.0,194670
Chennai,2059826.0,115203
Dehradun,734100.0,30554
Indore,3871065.0,277356
Pune,4547594.0,781617
Bangalore,62563.0,2285
Chennai,221283.0,14571
Dehradun,47189.0,2819
Indore,807397.0,66160
Pune,324762.0,18879
Bangalore,0.0,7828
Chennai,0.0,40987
Dehradun,0.0,10111
Indore,0.0,28741
Pune,0.0,16869
Bangalore,0.0,17620
Chennai,0.0,52315
Dehradun,0.0,20831
Indore,0.0,58138
Pune,0.0,48710
Bangalore,0.0,1077
Chennai,0.0,4708
Dehradun,0.0,1613
Indore,0.0,5261
Pune,0.0,4260
Bangalore,70934.0,16647
Chennai,468529.0,120220
Dehradun,82950.0,16202
Indore,506447.0,114584
Pune,275267.0,48957
Bangalore,537590.0,85082
Chennai,2514442.0,123356
Dehradun,708013.0,49450
Indore,2227421.0,121001
Pune,4997015.0,215185
Bangalore,24568.0,1490
Chennai,173937.0,11831
Dehradun,35637.0,2674
Indore,166301.0,22135
Pune,154252.0,11343
Bangalore,0.0,7518
Chennai,0.0,24035
Dehradun,0.0,7986
Indore,0.0,26288
Pune,0.0,14429
Bangalore,0.0,26992
Chennai,0.0,37329
Dehradun,0.0,24658
Indore,0.0,81979
Pune,0.0,58280
Bangalore,0.0,1155
Chennai,0.0,3202
Dehradun,0.0,1257
Indore,0.0,12069
Pune,0.0,4907
Bangalore,101129.0,15873
Chennai,642538.0,114013
Dehradun,130357.0,17741
Indore,964985.0,170351
Pune,398733.0,52930
Bangalore,1060039.0,153724
Chennai,2119175.0,323447
Dehradun,1332726.0,310999
Indore,4024474.0,252828
Pune,3457907.0,321165
Bangalore,54660.0,2030
Chennai,176500.0,11994
Dehradun,43196.0,1981
Indore,539148.0,55813
Pune,321848.0,18697
Bangalore,0.0,17548
Chennai,0.0,73564
Dehradun,0.0,26909
Indore,0.0,49574
Pune,0.0,30690
Bangalore,0.0,24239
Chennai,0.0,95065
Dehradun,0.0,43422
Indore,0.0,102191
Pune,0.0,84846
Bangalore,0.0,1886
Chennai,0.0,8253
Dehradun,0.0,3257
Indore,0.0,8497
Pune,0.0,7016
Bangalore,86791.0,22893
Chennai,453170.0,112074
Dehradun,115322.0,23973
Indore,469986.0,106836
Pune,327561.0,47504
Bangalore,556135.0,98324
Chennai,2385905.0,150313
Dehradun,715815.0,20064
Indore,2298489.0,109342
Pune,6932638.0,164349
Bangalore,33554.0,1346
Chennai,138569.0,11274
Dehradun,37983.0,2435
Indore,172378.0,20024
Pune,201526.0,9798
Bangalore,0.0,16144
Chennai,0.0,46241
Dehradun,0.0,19474
Indore,0.0,49917
Pune,0.0,31346
Bangalore,0.0,31633
Chennai,0.0,69738
Dehradun,0.0,35072
Indore,0.0,159287
Pune,0.0,113956
Bangalore,0.0,2110
Chennai,0.0,5530
Dehradun,0.0,2334
Indore,0.0,19475
Pune,0.0,9041
Bangalore,133006.0,19242
Chennai,633126.0,113085
Dehradun,192725.0,23092
Indore,900025.0,160985
Pune,472184.0,62583
Bangalore,919235.0,174657
Chennai,2120222.0,430733
Dehradun,878013.0,30242
Indore,4375911.0,279033
Pune,3249124.0,212269
Bangalore,56054.0,1813
Chennai,177943.0,12627
Dehradun,45404.0,2012
Indore,527479.0,45283
Pune,335929.0,17291
Bangalore,0.0,18070
Chennai,0.0,91754
Dehradun,0.0,33534
Indore,0.0,56746
Pune,0.0,42130
Bangalore,0.0,26328
Chennai,0.0,108976
Dehradun,0.0,87870
Indore,0.0,107850
Pune,0.0,94944
Bangalore,0.0,1824
Chennai,0.0,9938
Dehradun,0.0,3694
Indore,0.0,9294
Pune,0.0,7254
Bangalore,91413.0,22172
Chennai,532703.0,133318
Dehradun,135946.0,26867
Indore,498457.0,112338
Pune,361255.0,64608
Bangalore,903901.0,57540
Chennai,4605196.0,141519
Dehradun,1145736.0,50089
Indore,3789022.0,131488
Pune,9036434.0,119167
Bangalore,34418.0,1456
Chennai,180296.0,13705
Dehradun,44221.0,3156
Indore,163838.0,20084
Pune,273488.0,10136
Bangalore,0.0,18930
Chennai,0.0,57582
Dehradun,0.0,24844
Indore,0.0,56690
Pune,0.0,43616
Bangalore,0.0,36822
Chennai,0.0,87136
Dehradun,0.0,85472
Indore,0.0,163202
Pune,0.0,118362
Bangalore,0.0,2416
Chennai,0.0,7524
Dehradun,0.0,2854
Indore,0.0,22418
Pune,0.0,10070
Bangalore,144389.0,19945
Chennai,725691.0,130995
Dehradun,211011.0,26089
Indore,961377.0,181726
Pune,651079.0,110735
Bangalore,1645248.0,113528
Chennai,2569074.0,262438
Dehradun,1651756.0,75477
Indore,4845494.0,363237
Pune,5020726.0,358095
Bangalore,102823.0,1930
Chennai,235090.0,16610
Dehradun,57965.0,2222
Indore,498972.0,46197
Pune,482353.0,17873
Bangalore,0.0,14718
Chennai,0.0,78436
Dehradun,0.0,25768
Indore,0.0,91266
Pune,0.0,36698
Bangalore,0.0,21060
Chennai,0.0,113970
Dehradun,0.0,44960
Indore,0.0,175072
Pune,0.0,89346
Bangalore,0.0,1670
Chennai,0.0,9806
Dehradun,0.0,3476
Indore,0.0,19146
Pune,0.0,7358
Bangalore,71842.0,16123
Chennai,459958.0,113047
Dehradun,106882.0,20288
Indore,549473.0,131358
Pune,324090.0,56517
Bangalore,795586.0,32139
Chennai,2437901.0,80811
Dehradun,923246.0,17878
Indore,4838369.0,407439
Pune,6923521.0,134854
Bangalore,30586.0,1213
Chennai,142329.0,12777
Dehradun,50569.0,2926
Indore,175786.0,25827
Pune,161898.0,9764
Bangalore,0.0,15540
Chennai,0.0,51826
Dehradun,0.0,19632
Indore,0.0,70360
Pune,0.0,40554
Bangalore,0.0,31562
Chennai,0.0,79234
Dehradun,0.0,36908
Indore,0.0,233014
Pune,0.0,113148
Bangalore,0.0,2362
Chennai,0.0,7444
Dehradun,0.0,2648
Indore,0.0,48070
Pune,0.0,10214
Bangalore,128494.0,15826
Chennai,703987.0,123143
Dehradun,186698.0,21651
Indore,1087899.0,181990
Pune,573975.0,79401
Bangalore,1584819.0,97683
Chennai,2643201.0,160901
Dehradun,2255791.0,33685
Indore,5706772.0,460367
Pune,6229775.0,338476
Bangalore,67299.0,1882
Chennai,430294.0,16703
Dehradun,48713.0,2089
Indore,593021.0,78465
Pune,372897.0,19441
